SKU|BUY_UNIT|DESCRIPTION_STATUS|ORGANIC_ITEM|KIRLAND_ITEM|FINELINE_NUMBER|EAN|ITEM_NAME|ITEM_DESCRIPTION|ITEM_IMG|CATEGORY|BRAND_NAME|BRANCH_PRODUCTS
262681|KG|A|Y|True|386748|7502229999071|SAL VIENA 800 GRS|SAL VIENA 800 GRS 800 GRS|https://locahost:8000/images/7502229999071?height=500&width=500|"entertainment|electrical appliances|ventilacion"|BIMBO|[{'branch': 'MM', 'stock': 4, 'price': 90.3}]
11261|KG|NA|Y|False|641268|780461676100|PURE|PURE MEDITERRANEO 125GR|https://locahost:8000/images/780461676100?height=500&width=500|"consumables|household chemicals|cleaners - floor"|BOSE|[{'branch': 'RHSM', 'stock': 3, 'price': 90.3}]
21085|UN|NA||False|358723|780014316310|LOZA MELAMINA GRA|JARRO 2LT 1UN|https://locahost:8000/images/780014316310?height=500&width=500|"consumables|paper goods|bolsos & envoltorios"|DELONGHI|[{'branch': 'MM', 'stock': 2, 'price': 90.3}]
9084|UN|CD||False|554314|210985000000|LOMO LISO|V LOMO LISO BISTEC 1KG|https://locahost:8000/images/210985000000?height=500&width=500|"home|home furnishings|equipaje"|RAYITO DE SOL|[{'branch': 'RHSM', 'stock': 4, 'price': 90.3}]
87573|KG|R||True|311352|7501003124159|CHICHARO FINO|CHICHARO FINO 280 GRS|https://locahost:8000/images/7501003124159?height=500&width=500|"produce & floral|produce|verduras 1"|TRANSFORMERS RB|[{'branch': 'RHSM', 'stock': 4, 'price': 90.3}]
287919|KG|NA|Y|True|98579|760330102798|FUNDA ALMOHADA HOME DREAMS KING SIZE VEN|FUNDA ALMOHADA HOME DREAMS KING SIZE VEN|https://locahost:8000/images/760330102798?height=500&width=500|"entertainment|toys & hobbies|costumes & dress up"|LOS CEREZOS|[{'branch': 'RHSM', 'stock': 1, 'price': 90.3}]
87928|UN|B|N|False|791704|650886014198|VINO TINTO EL GRENACHE   1PZA|VINO TINTO EL GRENACHE   1PZA 1 PZA|https://locahost:8000/images/650886014198?height=500&width=500|"entertainment|electrical appliances|cuidado personal - aplicacione"|THAI KITCHEN|[{'branch': 'RHSM', 'stock': 4, 'price': 90.3}]
225962|UN|CD|N|True|688253|7509546036052|SHAMPOO|SHAMPOO 400 ML.|https://locahost:8000/images/7509546036052?height=500&width=500|"grocery|92 grocery|sweet spreads & preserves"|VIVA|[{'branch': 'RHSM', 'stock': 2, 'price': 90.3}]
223656|KG|B|N|False|87010|7501080921566|CREMA ACLARADORA EN SACHETS|CREMA ACLARADORA EN SACHETS 98 GRS|https://locahost:8000/images/7501080921566?height=500&width=500|"hardlines|lawn & garden|maceteros"|HENGSTENBERG|[{'branch': 'RHSM', 'stock': 4, 'price': 90.3}]
106663|KG|CD||True|26761|7501289514446|K LIDEX UNG.TARRO 60 G|K LIDEX UNG.TARRO 60 G 1 PZA|https://locahost:8000/images/7501289514446?height=500&width=500|"apparel|ladies wear|lady - polera"|J.B.|[{'branch': 'RHSM', 'stock': 3, 'price': 90.3}]
47941|UN|B|Y|False|641160|40000678522|SOSTEN PREFORMADO|SOSTEN SHINY 1 1UN|https://locahost:8000/images/40000678522?height=500&width=500|"apparel|sleepwear|ropa dormir"|GLADE|[{'branch': 'RHSM', 'stock': 3, 'price': 90.3}]
160792|UN|A|N|True|90827|3251870001438|MOUSSE ROUILLE|MOUSSE ROUILLE 90 GRS|https://locahost:8000/images/3251870001438?height=500&width=500|"grocery|92 grocery|sugar-substitute"|CALQUIN|[{'branch': 'RHSM', 'stock': 3, 'price': 90.3}]
38331|KG|A||True|82496|40000667043|ZAPATILLA TENNIS|ZAPATILLA SPD ESC 1 1UN|https://locahost:8000/images/40000667043?height=500&width=500|"apparel|shoes|shoes - care"|CLIPPER|[{'branch': 'RHSM', 'stock': 1, 'price': 90.3}]
186925|UN|NA|N|False|756516|7501010730237|BEBIDA EN POLVO LIGHT|BEBIDA EN POLVO LIGHT 11 GRS|https://locahost:8000/images/7501010730237?height=500&width=500|"home|domestic goods|toallas baño"|TIDE|[{'branch': 'MM', 'stock': 5, 'price': 90.3}]
16691|UN|B||False|903425|360245432000|TAPABARRIGA|V TAPABARRIGA 1KG|https://locahost:8000/images/360245432000?height=500&width=500|"entertainment|wireless|telefono movil - otros"|CHAMPION CAT|[{'branch': 'MM', 'stock': 1, 'price': 90.3}]
96477|KG|A||False|260249|7501054508212|EUCERIN PH5 25% GRATIS|EUCERIN PH5 25% GRATIS 250 ML.|https://locahost:8000/images/7501054508212?height=500&width=500|"apparel|underwear|interior nina"|RIADI|[{'branch': 'MM', 'stock': 1, 'price': 90.3}]
319940|KG|R|N|False|857194|749076304871|BIKINI VICKY FORM N8473, NEGRO, CH/S|BIKINI VICKY FORM N8473, NEGRO, CH/S|https://locahost:8000/images/749076304871?height=500&width=500|"entertainment|electronics|equipos de audio"|AIROLITE|[{'branch': 'MM', 'stock': 1, 'price': 90.3}]
263724|UN|R||False|961113|7502004982359|MORCILLA ARGENTINA|MORCILLA ARGENTINA 550 GRS|https://locahost:8000/images/7502004982359?height=500&width=500|"home|home furnishings|oficina"|TORK|[{'branch': 'RHSM', 'stock': 2, 'price': 90.3}]
134999|UN|CD|N|True|951258|8410179100821|ACEITE EXTRA VIRGEN PICUAL |ACEITE EXTRA VIRGEN PICUAL  500 ML.|https://locahost:8000/images/8410179100821?height=500&width=500|"hardlines|lawn & garden|piscina"|RUST OLEUM|[{'branch': 'MM', 'stock': 1, 'price': 90.3}]
259596|UN|NA|N|False|31287|7501304402062|HUACAL DEL 4 CON DULCES|HUACAL DEL 4 CON DULCES 1 PZA|https://locahost:8000/images/7501304402062?height=500&width=500|"impulse merchandise|checkouts/batteries|consignado afecto"|TIKA|[{'branch': 'MM', 'stock': 2, 'price': 90.3}]
289392|KG|R|N|False|241978|7506192504508|CERA EGO DRY PARA CABELLO 1 PZ 50 GR|CERA EGO DRY PARA CABELLO 1 PZ 50 GR|https://locahost:8000/images/7506192504508?height=500&width=500|"apparel|underwear|interior hombre"|BH|[{'branch': 'MM', 'stock': 3, 'price': 90.3}]
219367|UN|R|N|True|438218|3661163574639|FRAGANCIA CABALLERO CORPORAL|FRAGANCIA CABALLERO CORPORAL 75 ML.|https://locahost:8000/images/3661163574639?height=500&width=500|"bakery|bakery|bread - in store"|LOST KITTIES|[{'branch': 'RHSM', 'stock': 3, 'price': 90.3}]
138464|KG|CD|Y|False|574683|33844002510|CANELA EN POLVO|CANELA EN POLVO 56.7 GRS|https://locahost:8000/images/33844002510?height=500&width=500|"home|housewares|food storage"|ATELIER|[{'branch': 'MM', 'stock': 3, 'price': 90.3}]
288247|KG|A|Y|False|720682|9006206522477|JUEGO DE VASOS RIEDEL 2 PZ COCA-COLA|JUEGO DE VASOS RIEDEL 2 PZ COCA-COLA|https://locahost:8000/images/9006206522477?height=500&width=500|"entertainment|toys & hobbies|manualidades"|TIA LIA|[{'branch': 'MM', 'stock': 2, 'price': 90.3}]
18135|UN|NA||False|35813|780161002212|COLAS LATA|GAS COLA DES LIGHT 355CC|https://locahost:8000/images/780161002212?height=500&width=500|"entertainment|toys & hobbies|role play"|VANITY|[{'branch': 'RHSM', 'stock': 1, 'price': 90.3}]
167909|KG|B|N|False|600314|7501018313135|SOPA INSTANTANEA AL PRECIO DE 8 PZAS|SOPA INSTANTANEA AL PRECIO DE 8 PZAS 12 PZA|https://locahost:8000/images/7501018313135?height=500&width=500|"consumables|household chemicals|laundry - detergents"|AFE|[{'branch': 'RHSM', 'stock': 4, 'price': 90.3}]
286656|UN|NA|Y|False|987833|7501103107670|BIKINI BERLEI 236 G BLANCO|BIKINI BERLEI 236 G BLANCO|https://locahost:8000/images/7501103107670?height=500&width=500|"deli meat & cheese|service deli|encurtidos"|AMERICAN PLASTI|[{'branch': 'RHSM', 'stock': 4, 'price': 90.3}]
146118|UN|CD|N|True|259416|8410148010076|ALMENDRAS FRITAS Y SALADAS|ALMENDRAS FRITAS Y SALADAS 100 GRS|https://locahost:8000/images/8410148010076?height=500&width=500|"meat & fish|meat|meats - other"|GRANT S|[{'branch': 'MM', 'stock': 5, 'price': 90.3}]
162213|UN|CD||True|388554|7501059227996|SALSA DE SOYA SUSHI|SALSA DE SOYA SUSHI 295 GRS|https://locahost:8000/images/7501059227996?height=500&width=500|"hardlines|automotive|automotive - herramientas - poder & acceso"|INTEX|[{'branch': 'RHSM', 'stock': 4, 'price': 90.3}]
1853|UN|R||False|518594|63050955595|PELUCHE LICENCIA S/M|PELUCHES LUVIMALS 1UN|https://locahost:8000/images/63050955595?height=500&width=500|"home|bedding|cama sabanas"|CASA|[{'branch': 'MM', 'stock': 1, 'price': 90.3}]
60359|KG|B|N|False|342856|40000687768|SANDALIA SPORT|SANDAL OUT TACH GREY 1UN|https://locahost:8000/images/40000687768?height=500&width=500|"consumables|household chemicals|blanqueamiento"|FLIPA|[{'branch': 'MM', 'stock': 1, 'price': 90.3}]
261060|KG|NA||False|904081|70111279|JAMON DE PAVO|JAMON DE PAVO 1 KG.|https://locahost:8000/images/70111279?height=500&width=500|"entertainment|electronics|computadores - impresora"|LA CRIANZA|[{'branch': 'RHSM', 'stock': 1, 'price': 90.3}]
318298|UN|B|N|False|778329|7500435129428|DESODORANTE SECRET CLINICAL STRESS RESPO|DESODORANTE SECRET CLINICAL STRESS RESPO|https://locahost:8000/images/7500435129428?height=500&width=500|"consumables|household chemicals|air freshener-deodorizer"|LIMON SODA|[{'branch': 'MM', 'stock': 2, 'price': 90.3}]
211289|UN|NA||True|968644|78300667155|TAMPON CON APLICADOR REGULAR|TAMPON CON APLICADOR REGULAR 8 PZA|https://locahost:8000/images/78300667155?height=500&width=500|"home|bedding|cama accesorios"|E|[{'branch': 'MM', 'stock': 1, 'price': 90.3}]
177859|KG|A|N|False|312800|8001524012403|MARRONS GLACES|MARRONS GLACES 240 GRS|https://locahost:8000/images/8001524012403?height=500&width=500|"hardlines|automotive|accesorios automovil"|SMILEYKIDS|[{'branch': 'RHSM', 'stock': 2, 'price': 90.3}]
189607|KG|R|N|False|256551|7802800775941|BEBIDA EN POLVO LIMON|BEBIDA EN POLVO LIMON 625 GRS|https://locahost:8000/images/7802800775941?height=500&width=500|"hardlines|seasonal|seasonal - christmas"|BONELLA|[{'branch': 'MM', 'stock': 3, 'price': 90.3}]
8801|KG|B|Y|False|737719|210416000000|GANSO|V GANSO ESCALOPAS 1KG|https://locahost:8000/images/210416000000?height=500&width=500|"consumables|health and wellness|eye care"|WINCO|[{'branch': 'RHSM', 'stock': 3, 'price': 90.3}]
62324|KG|NA||True|993706|780642760162|CAMAS MAS DE 2 PLAZAS|BS N ORT K FN MIL ST 1UN|https://locahost:8000/images/780642760162?height=500&width=500|"grocery|dairy products|dessert"|ADES|[{'branch': 'MM', 'stock': 5, 'price': 90.3}]
194846|UN|A|Y|False|338311|7506409000687|FIBRA ESPONJA 2P 0517|FIBRA ESPONJA 2P 0517 1 PZA|https://locahost:8000/images/7506409000687?height=500&width=500|"produce & floral|produce|frutas 3"|HONEYWELL|[{'branch': 'MM', 'stock': 4, 'price': 90.3}]
157514|KG|B|N|True|560531|7501093100019|CANASTA NAVIDEA BASICA|CANASTA NAVIDEA BASICA 5220 GRS.|https://locahost:8000/images/7501093100019?height=500&width=500|"hardlines|sporting goods|deportes - invierno"|IROBOT|[{'branch': 'RHSM', 'stock': 3, 'price': 90.3}]
108448|KG|A|N|True|90987|7501277092567|OMEPRAZOL 20MG CAPS C/7|OMEPRAZOL 20MG CAPS C/7 1 PZA|https://locahost:8000/images/7501277092567?height=500&width=500|"impulse merchandise|checkouts/batteries|non alcohol beer"|KONAMI|[{'branch': 'MM', 'stock': 1, 'price': 90.3}]
267932|UN|B||True|336071|7613315192594|SARTN BRUND DURA FRY 26 CM|SARTN BRUND DURA FRY 26 CM 1 PZA|https://locahost:8000/images/7613315192594?height=500&width=500|"apparel|boys wear|boy - swimwear"|HAUS KIDS|[{'branch': 'RHSM', 'stock': 5, 'price': 90.3}]
280435|UN|R||True|346973|756702132616|TOSTADA CHARRAS BOTANERA 250 GR|TOSTADA CHARRAS BOTANERA 250 GR|https://locahost:8000/images/756702132616?height=500&width=500|"hardlines|sporting goods|deportes - raqueta"|TARAGUI|[{'branch': 'MM', 'stock': 4, 'price': 90.3}]
208499|KG|R||True|85665|7501027203328|TINTE|TINTE 55 ML.|https://locahost:8000/images/7501027203328?height=500&width=500|"entertainment|wireless|consignado afecto"|VAN CAMPS|[{'branch': 'RHSM', 'stock': 5, 'price': 90.3}]
180179|UN|NA|Y|False|611482|7501059222656|NESQUIK BITES SABOR A CHOCOLATE BLANCO|NESQUIK BITES SABOR A CHOCOLATE BLANCO 400 GRS|https://locahost:8000/images/7501059222656?height=500&width=500|"meat & fish|seafood|seafood - fish"|ROOT COVER UP|[{'branch': 'MM', 'stock': 4, 'price': 90.3}]
188743|UN|CD|N|True|272073|7503012832025|AGUA NATURAL|AGUA NATURAL 1500 LT.|https://locahost:8000/images/7503012832025?height=500&width=500|"home|housewares|food - baking-cooking"|MEGA|[{'branch': 'RHSM', 'stock': 4, 'price': 90.3}]
316340|KG|B|N|True|174402|7501069213835|ATOLE TRES ESTRELLAS  VAINILLA  47 G|ATOLE TRES ESTRELLAS  VAINILLA  47 G|https://locahost:8000/images/7501069213835?height=500&width=500|"entertainment|cameras|consignado afecto"|TRECK|[{'branch': 'MM', 'stock': 5, 'price': 90.3}]
138738|UN|NA||False|975746|7503023865128|MANGO NATURAL ENCHILADO|MANGO NATURAL ENCHILADO 60 GRS|https://locahost:8000/images/7503023865128?height=500&width=500|"consumables|household chemicals|pesticides"|BONELLA|[{'branch': 'RHSM', 'stock': 4, 'price': 90.3}]
46803|KG|R|N|True|56133|40000676632|TRAJE DE BANO JUV|2WACUTRAJEBANOFL 1UN|https://locahost:8000/images/40000676632?height=500&width=500|"baby world|infant softlines|ropa interior"|SUBLIME BRONZE|[{'branch': 'RHSM', 'stock': 1, 'price': 90.3}]
27105|UN|CD|Y|True|155354|88876769360|PANTALON BUZO FASHION NINO|PANT BB 2PK MONKEY 1UN|https://locahost:8000/images/88876769360?height=500&width=500|"hardlines|stationary & party goods|writing instruments"|NEOLITE|[{'branch': 'RHSM', 'stock': 2, 'price': 90.3}]
205025|UN|A||True|37062|5874120000005|LIMPIADOR MULTIUSOS  LAVANDA|LIMPIADOR MULTIUSOS  LAVANDA 0 NDF|https://locahost:8000/images/5874120000005?height=500&width=500|"hardlines|sporting goods|deportes - combate"|PINCHEIRA|[{'branch': 'MM', 'stock': 2, 'price': 90.3}]
262224|KG|B|N|True|629193|2620108000009|JAMON|JAMON 1 KG.|https://locahost:8000/images/2620108000009?height=500&width=500|"apparel|boys wear|boy - unif escolares"|PREMIER|[{'branch': 'MM', 'stock': 1, 'price': 90.3}]
24490|KG|R|N|False|660158|40000548556|PATITA ALGODON LISA|PATITAS ROSADO12M 1UN|https://locahost:8000/images/40000548556?height=500&width=500|"entertainment|toys & hobbies|rodados"|REMINGTON|[{'branch': 'MM', 'stock': 5, 'price': 90.3}]
204795|KG|B|N|False|565672|3045206391009|LIMPIADOR WC DESINFECTANTE ANTI SARRO|LIMPIADOR WC DESINFECTANTE ANTI SARRO 750 ML.|https://locahost:8000/images/3045206391009?height=500&width=500|"entertainment|electronics|video juegos - hardware & acc"|RUSSEL STOVER|[{'branch': 'RHSM', 'stock': 2, 'price': 90.3}]
103160|KG|NA||False|150547|808015001131|CLOROFILA LIQUIDA PLUS SOLUCION|CLOROFILA LIQUIDA PLUS SOLUCION 500 ML.|https://locahost:8000/images/808015001131?height=500&width=500|"baby world|infant hardlines|puericultura"|WARNER BROS|[{'branch': 'RHSM', 'stock': 3, 'price': 90.3}]
315086|UN|CD|N|False|610008|811150018209|CORTINERO DECO|CORTINERO DECO|https://locahost:8000/images/811150018209?height=500&width=500|"consumables|household chemicals|wipes"|KARIBU|[{'branch': 'RHSM', 'stock': 2, 'price': 90.3}]
185132|KG|R|Y|False|880644|36731914019|AGUA SABOR JAMAICA|AGUA SABOR JAMAICA 1 LT.|https://locahost:8000/images/36731914019?height=500&width=500|"||"|BIOSWISS|[{'branch': 'MM', 'stock': 1, 'price': 90.3}]
11844|KG|R||True|970334|780430012144|TETRA TINTO|VINO CS TETRA 12G 2000CC|https://locahost:8000/images/780430012144?height=500&width=500|"impulse merchandise|checkouts/batteries|checkouts - ice cream & frozen desserts"|IRT|[{'branch': 'RHSM', 'stock': 2, 'price': 90.3}]
59976|UN|CD||False|505811|780462370063|TORTAS HOJA|TORTA RECTAN 1UN|https://locahost:8000/images/780462370063?height=500&width=500|"apparel|ladies wear|lady - denim"|RUSSEL STOVER|[{'branch': 'MM', 'stock': 2, 'price': 90.3}]
135426|KG|B|Y|True|890249|7502219558462|SAL DE JAMAICA|SAL DE JAMAICA 430 GRS|https://locahost:8000/images/7502219558462?height=500&width=500|"home|domestic goods|toallas baño"|LEON DE TARAPAC|[{'branch': 'MM', 'stock': 2, 'price': 90.3}]
212208|KG|A||True|556238|7501059323100|CREMA PARA PEINAR|CREMA PARA PEINAR 300 ML.|https://locahost:8000/images/7501059323100?height=500&width=500|"hardlines|hardware|como visto en tv"|BBQOOL|[{'branch': 'RHSM', 'stock': 2, 'price': 90.3}]
144353|UN|B|N|False|661168|8412170011076|GALLETAS|GALLETAS 175 GRS|https://locahost:8000/images/8412170011076?height=500&width=500|"hardlines|sporting goods|bicicletas & accesorios"|SHOGUN|[{'branch': 'RHSM', 'stock': 4, 'price': 90.3}]
308050|UN|A|Y|False|474407|70942303132|PASTA DENTAL GUM ORIGINAL WHITE 1 PZ 75|PASTA DENTAL GUM ORIGINAL WHITE 1 PZ 75|https://locahost:8000/images/70942303132?height=500&width=500|"grocery|92 grocery|diet and health"|ARGOS|[{'branch': 'MM', 'stock': 3, 'price': 90.3}]
25425|UN|R|N|True|255964|780444910301|CABERNET SAUVIGNON|VINO CABERNET 13G 750CC|https://locahost:8000/images/780444910301?height=500&width=500|"grocery|liquor|cocktail"|JUST A DROP|[{'branch': 'RHSM', 'stock': 3, 'price': 90.3}]
291189|KG|CD||False|303541|7502230720091|SUSTITUTO DE MALTA C25KG|SUSTITUTO DE MALTA C25KG|https://locahost:8000/images/7502230720091?height=500&width=500|"produce & floral|floral|floral - fresco"|BLEM|[{'branch': 'MM', 'stock': 2, 'price': 90.3}]
276367|KG|B||False|825699|7501290912026|CAMISETA BEBE MESES PIC CALADA 400, 1A|CAMISETA BEBE MESES PIC CALADA 400, 1A|https://locahost:8000/images/7501290912026?height=500&width=500|"entertainment|toys & hobbies|dolls"|DANONE LIGHT|[{'branch': 'MM', 'stock': 4, 'price': 90.3}]
87372|KG|NA||False|654577|7503021615237|VINO TINTO|VINO TINTO 750 ML.|https://locahost:8000/images/7503021615237?height=500&width=500|"baby world|infant softlines|traje de bano"|POXIPOL|[{'branch': 'MM', 'stock': 5, 'price': 90.3}]
127190|UN|R|Y|False|627949|2610090000002|CHORIZO OAXACA CERDO|CHORIZO OAXACA CERDO 1 KG.|https://locahost:8000/images/2610090000002?height=500&width=500|"hardlines|hardware|cerraduras & seguridad"|SUMMER INFANT|[{'branch': 'MM', 'stock': 1, 'price': 90.3}]
93777|UN|B||False|794142|4600682611288|CERVEZAS RUSA BALTIKA|CERVEZAS RUSA BALTIKA 500 ML.|https://locahost:8000/images/4600682611288?height=500&width=500|"apparel|underwear|ropa int - tops"|COCALAN|[{'branch': 'MM', 'stock': 5, 'price': 90.3}]
292407|KG|B|N|True|36791|7501058614360|PAPILLA BEBÉ GERBER POUCH DELICIA FRUTAS|PAPILLA BEBÉ GERBER POUCH DELICIA FRUTAS|https://locahost:8000/images/7501058614360?height=500&width=500|"grocery|dsd grocery|beverages - water"|SOMELA|[{'branch': 'RHSM', 'stock': 4, 'price': 90.3}]
275834|UN|CD||False|132493|7501078231097|TINTE KOLESTON, 81 RUBIO CENIZO CLARO|TINTE KOLESTON, 81 RUBIO CENIZO CLARO|https://locahost:8000/images/7501078231097?height=500&width=500|"hardlines|hardware|winterizing"|PEZ|[{'branch': 'RHSM', 'stock': 3, 'price': 90.3}]
38093|KG|R||False|937635|780257526214|FLAN POLVO|FLAN CHOCOLATE 110GR|https://locahost:8000/images/780257526214?height=500&width=500|"hardlines|lawn & garden|maceteros"|NASPIRA|[{'branch': 'MM', 'stock': 1, 'price': 90.3}]
39085|UN|B|Y|True|759254|690458510126|SET  DE CORTINAS|CORTINA ROLL 150X170 1UN|https://locahost:8000/images/690458510126?height=500&width=500|"hardlines|lawn & garden|piscina"|PIXEL PALS|[{'branch': 'RHSM', 'stock': 1, 'price': 90.3}]
107739|KG|CD||False|663411|2630865000006|GRAJEA|GRAJEA 1 KG.|https://locahost:8000/images/2630865000006?height=500&width=500|"produce & floral|produce|frutas 3"|EL MERCURIO|[{'branch': 'MM', 'stock': 5, 'price': 90.3}]
193731|KG|A||True|5667|752219642525|REFRESCO SABOR SANGRIA|REFRESCO SABOR SANGRIA 600 ML.|https://locahost:8000/images/752219642525?height=500&width=500|"pets|pets and supplies|other food"|MATETIC|[{'branch': 'RHSM', 'stock': 5, 'price': 90.3}]
58872|UN|R|Y|False|773463|40000681154|POLERA M/C FASHION JUVENIL|POLERA PINK FLOYD 1UN|https://locahost:8000/images/40000681154?height=500&width=500|"consumables|health and beauty aids|conditioner"|AUDIOLAB|[{'branch': 'MM', 'stock': 4, 'price': 90.3}]
227948|UN|R||False|489201|7502210782231|BRILLANTINA EN CREMA|BRILLANTINA EN CREMA 85 GRS|https://locahost:8000/images/7502210782231?height=500&width=500|"hardlines|sporting goods|juegos mesa - indoor"|AVES DEL SUR|[{'branch': 'MM', 'stock': 5, 'price': 90.3}]
321085|KG|B|Y|True|238165|7622210581952|GOMA DE MASCAR TRIDENT SIN AZUCAR FRESH|GOMA DE MASCAR TRIDENT SIN AZUCAR FRESH|https://locahost:8000/images/7622210581952?height=500&width=500|"hardlines|disposable and birthday party supplies|suministro fiestas"|NORTHWEST|[{'branch': 'RHSM', 'stock': 4, 'price': 90.3}]
196518|KG|A|N|False|127276|7501013565638|ATOMIZADOR 250 ML|ATOMIZADOR 250 ML 1 PZA|https://locahost:8000/images/7501013565638?height=500&width=500|"entertainment|cameras|camaras - video"|SAN FRANCISCO|[{'branch': 'RHSM', 'stock': 1, 'price': 90.3}]
86028|KG|CD|Y|True|167433|8410351133005|VINO TINTO GLORIOSO RESERVA|VINO TINTO GLORIOSO RESERVA 750 ML.|https://locahost:8000/images/8410351133005?height=500&width=500|"baby world|infant hardlines|puericultura"|MIRAFLORES|[{'branch': 'MM', 'stock': 5, 'price': 90.3}]
63440|KG|A|Y|False|366448|780263000424|CALDO LIGHT|CALDO BSODIO COSTILL 80GR|https://locahost:8000/images/780263000424?height=500&width=500|"apparel|sleepwear|ropa dormir nino"|ESCUDO|[{'branch': 'RHSM', 'stock': 1, 'price': 90.3}]
67511|UN|CD|N|True|668198|841427161703|UTENSILIOS VARIOS|PESA COCINA DIGITAL 1UN|https://locahost:8000/images/841427161703?height=500&width=500|"consumables|household chemicals|air freshener-deodorizer"|MERELLO|[{'branch': 'RHSM', 'stock': 5, 'price': 90.3}]
148168|UN|CD|N|True|585909|37000120124|PAPAS SABOR QUESO|PAPAS SABOR QUESO 50 GRS|https://locahost:8000/images/37000120124?height=500&width=500|"apparel|mens wear|caballero - sweater juvenil"|CLAUSTHALER|[{'branch': 'RHSM', 'stock': 2, 'price': 90.3}]
314253|KG|R|N|False|734030|630509773800|ANIMALITO LOST KITTIES LK HELADO DOBLE|ANIMALITO LOST KITTIES LK HELADO DOBLE|https://locahost:8000/images/630509773800?height=500&width=500|"hardlines|sporting goods|deportes - skate"|DTR BIA|[{'branch': 'MM', 'stock': 1, 'price': 90.3}]
83028|UN|NA|Y|False|981883|88586602832|VINO TINTO CH STE MICHELLE MERLOT|VINO TINTO CH STE MICHELLE MERLOT 750 ML.|https://locahost:8000/images/88586602832?height=500&width=500|"apparel|ladies wear|lady - vestido"|G-7|[{'branch': 'MM', 'stock': 3, 'price': 90.3}]
147046|KG|NA|Y|True|195729|7501011144040|KARATE CACAHUATE JAPONES|KARATE CACAHUATE JAPONES 115 GRS|https://locahost:8000/images/7501011144040?height=500&width=500|"apparel|mens wear|caballero - denim"|VON SIEBENTHAL|[{'branch': 'RHSM', 'stock': 5, 'price': 90.3}]
209477|KG|A||True|45486|650240013287|TINTE BARBA BIGOTE Y PATILLA|TINTE BARBA BIGOTE Y PATILLA 40 ML.|https://locahost:8000/images/650240013287?height=500&width=500|"apparel|girls wear|top"|HOEGAARDEN|[{'branch': 'MM', 'stock': 4, 'price': 90.3}]
225242|KG|NA||False|741240|672935837770|CEPILLO DENTAL INFANTIL SPIDER MAN|CEPILLO DENTAL INFANTIL SPIDER MAN 1 PZA|https://locahost:8000/images/672935837770?height=500&width=500|"home|housewares|recipientes limpieza"|LOTO|[{'branch': 'RHSM', 'stock': 2, 'price': 90.3}]
190962|UN|B|Y|False|701062|7501073838963|AGUA MINERAL|AGUA MINERAL 4 ML.|https://locahost:8000/images/7501073838963?height=500&width=500|"apparel|boys wear|boy - swimwear"|ODFJELL|[{'branch': 'MM', 'stock': 2, 'price': 90.3}]
50004|KG|CD|Y|True|756776|40000674507|ACCESORIOS COSMETICOS|SHIPPER24PCCINT CORZ NAN|https://locahost:8000/images/40000674507?height=500&width=500|"produce & floral|produce|frutas 1"|HAUS RECICLABLE|[{'branch': 'RHSM', 'stock': 2, 'price': 90.3}]
301087|KG|NA|N|True|443766|22796901507|SHAMPOO OGX SHEA SOFT 385ML|SHAMPOO OGX SHEA SOFT 385ML|https://locahost:8000/images/22796901507?height=500&width=500|"home|home furnishings|dining room"|SANYTOL|[{'branch': 'MM', 'stock': 1, 'price': 90.3}]
205269|UN|NA|N|True|47232|7501010714282|LIMPIADOR MULTIUSOS|LIMPIADOR MULTIUSOS 5 PZA|https://locahost:8000/images/7501010714282?height=500&width=500|"grocery|92 grocery|rice"|LEGEA|[{'branch': 'MM', 'stock': 4, 'price': 90.3}]
120164|KG|R|N|False|421945|2620241000003|YOGHURT|YOGHURT 1 KG.|https://locahost:8000/images/2620241000003?height=500&width=500|"grocery|frozen foods|pizza"|LUBRIDERM|[{'branch': 'MM', 'stock': 1, 'price': 90.3}]
252423|UN|CD|N|True|568392|79522418167|CUCHARA PARA BEBE PRINCIPE|CUCHARA PARA BEBE PRINCIPE 1 PZA|https://locahost:8000/images/79522418167?height=500&width=500|"hardlines|lawn & garden|outdoor cooking"|REGIMEL|[{'branch': 'MM', 'stock': 4, 'price': 90.3}]
235884|KG|A|Y|True|82437|309976707105|LABIAL LIQUIDO LARGA DURACION JUST|LABIAL LIQUIDO LARGA DURACION JUST 4 GRS|https://locahost:8000/images/309976707105?height=500&width=500|"baby world|infant consumable|baby care"|OLD SPICE|[{'branch': 'RHSM', 'stock': 3, 'price': 90.3}]
113987|KG|B||True|922560|2634309000003|LICHIS|LICHIS 1 KG.|https://locahost:8000/images/2634309000003?height=500&width=500|"grocery|92 grocery|seasoning-spice-herb-extract"|VIKING|[{'branch': 'RHSM', 'stock': 1, 'price': 90.3}]
57915|KG|NA|Y|False|794506|40000670186|PASEO26|BIC OXBP2648 NEG-GRI 1UN|https://locahost:8000/images/40000670186?height=500&width=500|"consumables|household chemicals|laundry - fabric care"|MAYBELLINE|[{'branch': 'MM', 'stock': 5, 'price': 90.3}]
238965|UN|A||True|582671|7501054143352|ESMALTE PARA UNAS|ESMALTE PARA UNAS 13 ML.|https://locahost:8000/images/7501054143352?height=500&width=500|"apparel|ladies wear|lady - sweater"|FABERWARE|[{'branch': 'RHSM', 'stock': 1, 'price': 90.3}]
257195|UN|CD||True|281185|7501831509289|TUBO DE CUARZO DE 500W|TUBO DE CUARZO DE 500W 1 PZA|https://locahost:8000/images/7501831509289?height=500&width=500|"consumables|household chemicals|laundry - softeners-fresheners"|TRAMONTINA|[{'branch': 'RHSM', 'stock': 3, 'price': 90.3}]
56057|UN|A||True|3754|880164332805|PREPAGOS LIBERADOS|OPEN SAM A6 NG 1UN|https://locahost:8000/images/880164332805?height=500&width=500|"grocery|92 grocery|flour"|ROMEO E GULIETTA|[{'branch': 'MM', 'stock': 2, 'price': 90.3}]
121049|KG|B|Y|True|230133|7501077510063|QUESO|QUESO 1 KG.|https://locahost:8000/images/7501077510063?height=500&width=500|"hardlines|hardware|cerraduras & seguridad"|THE LITTLE VET|[{'branch': 'MM', 'stock': 5, 'price': 90.3}]
165817|UN|NA|N|False|512861|21000026944|MIRACLE WHIP FAT FREE|MIRACLE WHIP FAT FREE 443 ML.|https://locahost:8000/images/21000026944?height=500&width=500|"grocery|liquor|cocktail"|DREAMBABY|[{'branch': 'RHSM', 'stock': 4, 'price': 90.3}]
285805|KG|B||False|885318|7501325703346|SALCHICHA ALPINO PARA ASAR 800 GR|SALCHICHA ALPINO PARA ASAR 800 GR|https://locahost:8000/images/7501325703346?height=500&width=500|"grocery|92 grocery|crackers - salty-savory"|SAN BLAS|[{'branch': 'MM', 'stock': 5, 'price': 90.3}]
95890|UN|A|N|True|130598|74439058|TARIMA DE CANESTEN CRA CLOTRIMAZOL|TARIMA DE CANESTEN CRA CLOTRIMAZOL 1 PZA|https://locahost:8000/images/74439058?height=500&width=500|"hardlines|books and gifts|bolsas multiuso"|DURACELL|[{'branch': 'RHSM', 'stock': 4, 'price': 90.3}]
293311|UN|CD|N|False|749191|71249293201|POLVO LOREAL INFALLIBLE PRO-MATE 9GR|POLVO LOREAL INFALLIBLE PRO-MATE 9GR|https://locahost:8000/images/71249293201?height=500&width=500|"apparel|sleepwear|ropa dormir nino"|AUDIOLAB|[{'branch': 'MM', 'stock': 1, 'price': 90.3}]
147727|KG|CD||False|581365|52551122014|BOLITAS DE CEREAL C/ CHOCOLATE BLANCO|BOLITAS DE CEREAL C/ CHOCOLATE BLANCO 55 GRS|https://locahost:8000/images/52551122014?height=500&width=500|"deli meat & cheese|service deli|queso fresco"|ELVIVE|[{'branch': 'RHSM', 'stock': 1, 'price': 90.3}]
217613|KG|B||False|959369|7509546079790|JABON DE BARRA BLACK|JABON DE BARRA BLACK 120 GRS|https://locahost:8000/images/7509546079790?height=500&width=500|"hardlines|hardware|calefaccion"|CHILLAN|[{'branch': 'RHSM', 'stock': 3, 'price': 90.3}]
280936|UN|R||False|429391|41457020791|BROCHES GOODY OUCHLESS 2PZ|BROCHES GOODY OUCHLESS 2PZ|https://locahost:8000/images/41457020791?height=500&width=500|"hardlines|hardware|fontaneria"|VAT 69|[{'branch': 'RHSM', 'stock': 3, 'price': 90.3}]
247420|UN|A|N|True|985122|7502002872409|GANADOR DUO ADULTO|GANADOR DUO ADULTO 4 KG.|https://locahost:8000/images/7502002872409?height=500&width=500|"consumables|health and beauty aids|oral  - accesorios"|AIROLITE|[{'branch': 'MM', 'stock': 5, 'price': 90.3}]
20466|UN|NA||True|819900|1600027706|BARRAS ADULTO|SWEET  SALTY ALMOND 210GR|https://locahost:8000/images/1600027706?height=500&width=500|"produce & floral|floral|floral - fresco"|LIFESTYLES|[{'branch': 'RHSM', 'stock': 5, 'price': 90.3}]
125935|KG|A|Y|False|266185|3175360002142|QUESO CREMEUX DE SALMON|QUESO CREMEUX DE SALMON 1 KG.|https://locahost:8000/images/3175360002142?height=500&width=500|"baby world|infant softlines|otros"|VIVITAR|[{'branch': 'MM', 'stock': 3, 'price': 90.3}]
102862|KG|B|N|False|398099|7501250814810|EXTRACTO HIG RIM FA 10ML|EXTRACTO HIG RIM FA 10ML 10 ML.|https://locahost:8000/images/7501250814810?height=500&width=500|"hardlines|lawn & garden|maceteros"|ALMA AZTECA|[{'branch': 'RHSM', 'stock': 4, 'price': 90.3}]
39646|UN|B|Y|False|603571|40000650318|TOALLA MANO|T MANO SPA AZUL 1UN|https://locahost:8000/images/40000650318?height=500&width=500|"consumables|cosmetics & fragrances|body care"|NATIONAL GEOGRAPHIC|[{'branch': 'MM', 'stock': 2, 'price': 90.3}]
20481|UN|NA|Y|True|874179|779052000935|AROMAS MEDIANOS|LIMP PISO LAVANDA 1800ML|https://locahost:8000/images/779052000935?height=500&width=500|"entertainment|electronics|almacenamiento"|CAMPANARIO|[{'branch': 'MM', 'stock': 2, 'price': 90.3}]
286625|KG|R||False|611450|70847017608|BEBIDA ENERGETICA MON ZERO UL 1PZ 473 ML|BEBIDA ENERGETICA MON ZERO UL 1PZ 473 ML|https://locahost:8000/images/70847017608?height=500&width=500|"consumables|health and beauty aids|toothpaste"|DORINA|[{'branch': 'RHSM', 'stock': 1, 'price': 90.3}]
35535|KG|B|Y|True|7544|489412952270|MOCHILAS DE CAMPING|BANANO QUEBEC AZUL 1UN|https://locahost:8000/images/489412952270?height=500&width=500|"deli meat & cheese|service deli|cheeses"|ROCINANTE|[{'branch': 'MM', 'stock': 2, 'price': 90.3}]
122886|KG|B|Y|False|379140|7501209701680|YOGHURT DELIGHURT SOLIDO NUEZ 950 GRS.|YOGHURT DELIGHURT SOLIDO NUEZ 950 GRS. 1 PZA|https://locahost:8000/images/7501209701680?height=500&width=500|"consumables|health and beauty aids|toothbrush"|ARDO|[{'branch': 'MM', 'stock': 3, 'price': 90.3}]
49921|KG|A||False|506335|40000669987|CLOSET|CLOSET GRECIA 6P 6C 1UN|https://locahost:8000/images/40000669987?height=500&width=500|"entertainment|electrical appliances|pequeños"|POWER ROCKERS|[{'branch': 'RHSM', 'stock': 5, 'price': 90.3}]
235979|KG|A||False|735264|74170346466|ESMALTE PARA UNAS XTREME WEAR|ESMALTE PARA UNAS XTREME WEAR 11.8 ML.|https://locahost:8000/images/74170346466?height=500&width=500|"home|curtains and drapes|cortinas casa"|MONT BLANC|[{'branch': 'RHSM', 'stock': 1, 'price': 90.3}]
137661|UN|CD|N|False|670995|51063500020|JORAY FRUIT ROLL GRAPE|JORAY FRUIT ROLL GRAPE 1 PZA|https://locahost:8000/images/51063500020?height=500&width=500|"hardlines|paint and accessories|pintura - interior"|COORS|[{'branch': 'RHSM', 'stock': 3, 'price': 90.3}]
41630|UN|CD|Y|False|713310|762221042699|DULCES/CARAMELOS|HALLS MORA AZUL 302GR|https://locahost:8000/images/762221042699?height=500&width=500|"consumables|household chemicals|household chemicals - gloves"|DAILY FRESH|[{'branch': 'MM', 'stock': 1, 'price': 90.3}]
250341|KG|CD||True|714570|51131764538|CINTA|CINTA 1 PZA|https://locahost:8000/images/51131764538?height=500&width=500|"hardlines|hardware|herramientas - mano"|MILLER|[{'branch': 'MM', 'stock': 1, 'price': 90.3}]
299104|UN|A|Y|False|680558|19200832625|LIMP SUPERFICIES RESOLVE BOTELLA 22 OZ|LIMP SUPERFICIES RESOLVE BOTELLA 22 OZ|https://locahost:8000/images/19200832625?height=500&width=500|"apparel|mens wear|men - t-shirts"|SAN BENITO|[{'branch': 'MM', 'stock': 2, 'price': 90.3}]
229860|KG|CD|Y|True|451803|7509546030326|CREMAS SOLIDA|CREMAS SOLIDA 450 GRS|https://locahost:8000/images/7509546030326?height=500&width=500|"hardlines|seasonal|seasonal - halloween"|TORK|[{'branch': 'RHSM', 'stock': 2, 'price': 90.3}]
257518|UN|A|Y|False|77379|12844098235|REFRESH YOUR CAR  AROMATIZANTE AMBIENTAL|REFRESH YOUR CAR  AROMATIZANTE AMBIENTAL 7 ML.|https://locahost:8000/images/12844098235?height=500&width=500|"deli meat & cheese|service deli|encurtidos"|COLA CAO|[{'branch': 'RHSM', 'stock': 5, 'price': 90.3}]
98392|KG|A|Y|True|199764|7501299330142|THOREVA 40 MG 28 TABS DUAL|THOREVA 40 MG 28 TABS DUAL 1 PZA|https://locahost:8000/images/7501299330142?height=500&width=500|"home|bedding|set cama"|DERMO EXPERTISE|[{'branch': 'MM', 'stock': 1, 'price': 90.3}]
263870|UN|NA|N|False|540010|730002003975|5 EN 1 PLAY HOUSE|5 EN 1 PLAY HOUSE 1 PZA|https://locahost:8000/images/730002003975?height=500&width=500|"apparel|girls wear|top"|ECKART|[{'branch': 'MM', 'stock': 4, 'price': 90.3}]
20653|UN|NA|N|False|923795|780130500433|JALEA|JALEA REG LIMA-LIM 400GR|https://locahost:8000/images/780130500433?height=500&width=500|"grocery|dsd grocery|beverages - hydration-energy"|PENTEL|[{'branch': 'RHSM', 'stock': 3, 'price': 90.3}]
257869|KG|B|Y|False|172098|70442250|COPPA A GRANEL|COPPA A GRANEL 1 KG.|https://locahost:8000/images/70442250?height=500&width=500|"home|home furnishings|cocina"|PALC|[{'branch': 'RHSM', 'stock': 4, 'price': 90.3}]
260335|UN|NA|N|True|213975|661198270134|SALAMI HOLSTEINER|SALAMI HOLSTEINER 125 GRS|https://locahost:8000/images/661198270134?height=500&width=500|"hardlines|stationary & party goods|colas pegamentos & sellantes"|EL GOLFO|[{'branch': 'RHSM', 'stock': 2, 'price': 90.3}]
235911|UN|CD|N|True|622268|309972297143|LABIAL RENEWIST LIPCOLOR|LABIAL RENEWIST LIPCOLOR 20 GRS|https://locahost:8000/images/309972297143?height=500&width=500|"hardlines|stationary & party goods|mochilas -loncheras y estuches"|DECOEXPRESS|[{'branch': 'RHSM', 'stock': 2, 'price': 90.3}]
202316|KG|B|Y|False|233232|7501025408206|LIMPIADOR MULTIUSOS|LIMPIADOR MULTIUSOS 990 ML.|https://locahost:8000/images/7501025408206?height=500&width=500|"consumables|health and beauty aids|color"|ARAUCANIA|[{'branch': 'MM', 'stock': 4, 'price': 90.3}]
149424|KG|R|Y|True|185214|7501030424536|BOTANA|BOTANA 59 GRS|https://locahost:8000/images/7501030424536?height=500&width=500|"hardlines|paint and accessories|pinturas - colas pegamentos & sellantes"|FRUTISA|[{'branch': 'MM', 'stock': 1, 'price': 90.3}]
112710|UN|B|N|False|67334|3469|CHAYOTE|CHAYOTE 1 KG.|https://locahost:8000/images/3469?height=500&width=500|"impulse merchandise|checkouts/batteries|checkouts - beverages - carbonated"|BOMBAY|[{'branch': 'MM', 'stock': 1, 'price': 90.3}]
68189|KG|A||True|753714|780642761780|CAMA 1,5 PLAZA|BA EX PLU 1.5 VIL ST 100UN|https://locahost:8000/images/780642761780?height=500&width=500|"apparel|mens wear|caballero - sweater juvenil"|44 GATOS|[{'branch': 'MM', 'stock': 1, 'price': 90.3}]
201163|UN|R|N|True|856107|7506135700318|SUAVIZANTE DE TELAS|SUAVIZANTE DE TELAS 2.8 LT.|https://locahost:8000/images/7506135700318?height=500&width=500|"bakery|bakery|cakes - in store"|CANON|[{'branch': 'RHSM', 'stock': 1, 'price': 90.3}]
158097|KG|CD|Y|False|509407|32239060333|SALSA PARA ENCHILADAS VERDES|SALSA PARA ENCHILADAS VERDES 400 GRS|https://locahost:8000/images/32239060333?height=500&width=500|"hardlines|automotive|partes automovil"|KENSINGTON|[{'branch': 'RHSM', 'stock': 2, 'price': 90.3}]
111514|KG|CD|N|False|950869|7502002140416|BAGEL NATURAL|BAGEL NATURAL 800 GRS|https://locahost:8000/images/7502002140416?height=500&width=500|"home|domestic goods|bathroom - décor"|WHITE HORSE|[{'branch': 'MM', 'stock': 4, 'price': 90.3}]
185130|UN|A|Y|True|36707|36731912015|AGUA SABOR LIMON|AGUA SABOR LIMON 1 LT.|https://locahost:8000/images/36731912015?height=500&width=500|"produce & floral|live plants/gift in a balloon|jardin-macet & plantas"|WILSON|[{'branch': 'RHSM', 'stock': 1, 'price': 90.3}]
133613|KG|NA|N|False|123863|74691060322|CREMA LANGOSTA A LA ESCOCESA|CREMA LANGOSTA A LA ESCOCESA 415 GRS|https://locahost:8000/images/74691060322?height=500&width=500|"grocery|frozen foods|pre-formed & cold cuts"|NIVEA BATH|[{'branch': 'RHSM', 'stock': 2, 'price': 90.3}]
211895|UN|NA|N|True|392079|7500435114974|SHAMPOO PANTENE PRO-V FUERZA Y RECONSTRUCCIÓN|SHAMPOO PANTENE PRO-V FUERZA Y RECONSTRUCCIÓN 700 ML|https://locahost:8000/images/7500435114974?height=500&width=500|"apparel|shoes|shoes - boys"|TETRA|[{'branch': 'MM', 'stock': 5, 'price': 90.3}]
149178|KG|NA|N|False|679053|70690275019|MEXCLA MARTINI MIX|MEXCLA MARTINI MIX 148 GRS|https://locahost:8000/images/70690275019?height=500&width=500|"home|curtains and drapes|cortinas baño"|MIDEA|[{'branch': 'RHSM', 'stock': 4, 'price': 90.3}]
211231|KG|NA|N|True|192425|7506295392972|SH PANTENE RESTAURACION 400ML AC|SH PANTENE RESTAURACION 400ML AC 615 ML.|https://locahost:8000/images/7506295392972?height=500&width=500|"entertainment|electronics|televisores"|MATCH BOX|[{'branch': 'MM', 'stock': 5, 'price': 90.3}]
115210|UN|CD|N|False|761678|25293001244|BEBIDA DE ALMENDRA SABOR VAINILLA|BEBIDA DE ALMENDRA SABOR VAINILLA 946 ML.|https://locahost:8000/images/25293001244?height=500&width=500|"hardlines|hardware|art adhesivos"|LA VAQUITA|[{'branch': 'MM', 'stock': 2, 'price': 90.3}]
69622|KG|A|Y|True|944957|880164351724|PREPAGOS LIBERADOS|OPEN A7 2018 DOR 1UN|https://locahost:8000/images/880164351724?height=500&width=500|"consumables|health and wellness|equip medico y accesor"|MISTRAL|[{'branch': 'RHSM', 'stock': 3, 'price': 90.3}]
197338|KG|A|Y|True|61077|7502226656052|CARRITO PLEGABLE MULTIUSOS|CARRITO PLEGABLE MULTIUSOS 1 PZA|https://locahost:8000/images/7502226656052?height=500&width=500|"impulse merchandise|checkouts/batteries|common use - alkaline"|VIRUTEX|[{'branch': 'MM', 'stock': 3, 'price': 90.3}]
11139|UN|A||False|721601|780220084843|HALLOWEEN CARAMELOS|CHOCOMELLOWS HW 150GR|https://locahost:8000/images/780220084843?height=500&width=500|"apparel|ladies wear|accesorios mujer"|BURGOL|[{'branch': 'RHSM', 'stock': 4, 'price': 90.3}]
233774|UN|A||False|390651|309979155026|ESMALTE COLORSTAY NAIL ENAMEL PALE|ESMALTE COLORSTAY NAIL ENAMEL PALE 12 ML.|https://locahost:8000/images/309979155026?height=500&width=500|"consumables|cosmetics & fragrances|cosmetics"|MONARCH|[{'branch': 'MM', 'stock': 1, 'price': 90.3}]
77840|KG|A|Y|False|539357|780292000793|MOZZARELA  BOLA|MOZZARELLA TRZ 350 350GR|https://locahost:8000/images/780292000793?height=500&width=500|"impulse merchandise|checkouts/batteries|checkouts - bebidas - hidratación&energía"|CARNES NUBLE|[{'branch': 'MM', 'stock': 4, 'price': 90.3}]
226994|KG|R||False|105405|7502268153946|CREMA DENTAL KIDS PEPPA PIG|CREMA DENTAL KIDS PEPPA PIG 100 ML.|https://locahost:8000/images/7502268153946?height=500&width=500|"consumables|health and beauty aids|ladies shaving"|FITNESS|[{'branch': 'RHSM', 'stock': 3, 'price': 90.3}]
195273|KG|NA|N|True|555459|7502237250126|ESCOBA VINILO GDE|ESCOBA VINILO GDE 1 PZA|https://locahost:8000/images/7502237250126?height=500&width=500|"apparel|ladies wear|accesorios mujer"|PALO ALTO|[{'branch': 'MM', 'stock': 1, 'price': 90.3}]
240170|KG|CD||True|384288|7501054103981|LAPIZ LABIAL SUAVEMENTE INDELEBLE|LAPIZ LABIAL SUAVEMENTE INDELEBLE 4 GRS|https://locahost:8000/images/7501054103981?height=500&width=500|"grocery|92 grocery|breakfast - cereal-bars-pastry"|KINGS HAWAIIAN|[{'branch': 'RHSM', 'stock': 3, 'price': 90.3}]
291058|UN|NA|Y|False|235351|7502220730338|LIGAS DE HULE HERCULES NATURAL N.10|LIGAS DE HULE HERCULES NATURAL N.10|https://locahost:8000/images/7502220730338?height=500&width=500|"apparel|shoes|shoes - ladies"|RAYOVAC|[{'branch': 'RHSM', 'stock': 2, 'price': 90.3}]
164070|UN|CD|N|False|144901|3077318485093|VINAGRE DE CHARDONNAY|VINAGRE DE CHARDONNAY 250 ML.|https://locahost:8000/images/3077318485093?height=500&width=500|"apparel|ladies wear|accesorios mujer"|LOS LAGOS|[{'branch': 'RHSM', 'stock': 4, 'price': 90.3}]
201789|UN|R|Y|False|565868|7501032907365|AROMATIZANTE ACEITES NATURALES AP2RP|AROMATIZANTE ACEITES NATURALES AP2RP 1 PZA|https://locahost:8000/images/7501032907365?height=500&width=500|"grocery|92 grocery|dressing"|OVERLAND|[{'branch': 'RHSM', 'stock': 3, 'price': 90.3}]
220452|KG|NA|Y|True|639053|7502221184116|ESTUCHE LOCION 100ML MAS DEO SPRAY|ESTUCHE LOCION 100ML MAS DEO SPRAY 2 PZA|https://locahost:8000/images/7502221184116?height=500&width=500|"grocery|92 grocery|sweet spreads & preserves"|KENSINGTON|[{'branch': 'RHSM', 'stock': 5, 'price': 90.3}]
178670|UN|CD||True|694542|7503006292255|FORMULA LACTEA|FORMULA LACTEA 1 LT.|https://locahost:8000/images/7503006292255?height=500&width=500|"consumables|health and beauty aids|conditioner"|PANDA|[{'branch': 'MM', 'stock': 1, 'price': 90.3}]
63625|UN|R||False|750137|780547500475|MANTELES GENERICO|MANTEL BLANCO 1UN|https://locahost:8000/images/780547500475?height=500&width=500|"entertainment|cameras|consignado afecto"|YEMITA|[{'branch': 'MM', 'stock': 5, 'price': 90.3}]
296550|KG|A|Y|False|827943|7503023492461|SANDALIA SIMPLE FASHIO, 26, GRIS CLARO|SANDALIA SIMPLE FASHIO, 26, GRIS CLARO|https://locahost:8000/images/7503023492461?height=500&width=500|"home|home furnishings|sleeping room"|KARCHER|[{'branch': 'RHSM', 'stock': 2, 'price': 90.3}]
27660|KG|NA|Y|False|613151|780414400046|GRANDE BLANCO|HUEVO GRANDE BLANCO 12UN|https://locahost:8000/images/780414400046?height=500&width=500|"hardlines|hardware|candles"|ALWAYS|[{'branch': 'RHSM', 'stock': 5, 'price': 90.3}]
91855|KG|B||True|696742|7501089808028|DEBEONE DT 50MG|DEBEONE DT 50MG 20 PZA|https://locahost:8000/images/7501089808028?height=500&width=500|"home|domestic goods|kitchen-dining textiles"|DOGMA|[{'branch': 'MM', 'stock': 1, 'price': 90.3}]
212045|KG|NA|Y|True|486046|8436539215288|MIKADO ROMANTICOS CONVENCIDOS|MIKADO ROMANTICOS CONVENCIDOS 100 ML.|https://locahost:8000/images/8436539215288?height=500&width=500|"hardlines|stationary & party goods|planificadores & calendarios"|SANA LOCURA|[{'branch': 'MM', 'stock': 4, 'price': 90.3}]
26420|UN|NA|Y|False|316290|780190701392|GRADO 2|JAMON PRAGA ACARA 250GR|https://locahost:8000/images/780190701392?height=500&width=500|"consumables|cosmetics & fragrances|body care"|CRISTAL|[{'branch': 'MM', 'stock': 3, 'price': 90.3}]
104339|KG|A|N|True|419502|7501358161700|ARNICA NAR POM|ARNICA NAR POM 30 GRS|https://locahost:8000/images/7501358161700?height=500&width=500|"entertainment|toys & hobbies|vehiculos - fricción"|EVER GROUP|[{'branch': 'MM', 'stock': 5, 'price': 90.3}]
39402|UN|A||True|692666|40000661096|POLERON JUVENIL|POLERON JUVENIL 1UN|https://locahost:8000/images/40000661096?height=500&width=500|"baby world|infant consumable|baby food"|COPAN|[{'branch': 'RHSM', 'stock': 3, 'price': 90.3}]
158406|UN|CD||True|675614|51000197597|SALSA PARA PASTA ALFREDO|SALSA PARA PASTA ALFREDO 411 GRS|https://locahost:8000/images/51000197597?height=500&width=500|"apparel|girls wear|vestidos"|MONTERREY|[{'branch': 'MM', 'stock': 3, 'price': 90.3}]
318522|KG|B|N|True|781501|4895041872916|JGO DE MINI TAZAS Y PLATOS CAFÉ EXPRESS|JGO DE MINI TAZAS Y PLATOS CAFÉ EXPRESS|https://locahost:8000/images/4895041872916?height=500&width=500|"meat & fish|meat|meats - other"|PETRIZZIO|[{'branch': 'MM', 'stock': 4, 'price': 90.3}]
143696|KG|B||False|166188|7503015863620|MERMELADA TAMARINDO SIN AZUCAR|MERMELADA TAMARINDO SIN AZUCAR 300 GRS|https://locahost:8000/images/7503015863620?height=500&width=500|"entertainment|toys & hobbies|vehiculos - radio control"|BIONAIRE|[{'branch': 'RHSM', 'stock': 5, 'price': 90.3}]
57559|KG|B|N|False|806555|780130500151|PINA|PINA CUBITOS WSL 560 560GR|https://locahost:8000/images/780130500151?height=500&width=500|"grocery|frozen foods|pizza"|ASTRA|[{'branch': 'MM', 'stock': 2, 'price': 90.3}]
91406|KG|B|N|True|301787|7501050610551|NETROMICINA FA 5 100MG|NETROMICINA FA 5 100MG 1 PZA|https://locahost:8000/images/7501050610551?height=500&width=500|"apparel|mens wear|men - swimwear"|HAVEL|[{'branch': 'RHSM', 'stock': 3, 'price': 90.3}]
145854|KG|CD||True|533775|7503003877820|PEPITA BLANCA TOSTADA|PEPITA BLANCA TOSTADA 250 GRS|https://locahost:8000/images/7503003877820?height=500&width=500|"meat & fish|meat|beef - fresh"|FLENTS|[{'branch': 'MM', 'stock': 3, 'price': 90.3}]
77726|UN|A|Y|True|748083|780874360480|PASAS|PASAS CORINTO 300GR|https://locahost:8000/images/780874360480?height=500&width=500|"home|bedding|cama sabanas"|FENSA|[{'branch': 'RHSM', 'stock': 4, 'price': 90.3}]
25467|UN|B||True|122366|102542113301|GRANDES|SILLA DE COMER NAR 1UN|https://locahost:8000/images/102542113301?height=500&width=500|"home|home furnishings|living room"|LA PUNTA|[{'branch': 'MM', 'stock': 4, 'price': 90.3}]
171447|UN|NA|Y|True|782933|3226219003732|GALLETAS LE TROUVILLAIS FRUITS |GALLETAS LE TROUVILLAIS FRUITS  125 GRS|https://locahost:8000/images/3226219003732?height=500&width=500|"entertainment|toys & hobbies|puzzles"|ROKU|[{'branch': 'MM', 'stock': 4, 'price': 90.3}]
266971|KG|R|N|True|741036|85081486981|VAJILLA 16PZAS FLORAL|VAJILLA 16PZAS FLORAL 1 PZA|https://locahost:8000/images/85081486981?height=500&width=500|"entertainment|cameras|consignado afecto"|BEEFEATER|[{'branch': 'MM', 'stock': 1, 'price': 90.3}]
221973|UN|R|N|False|827065|7501737402707|ESTUCHE EDT 50ML + DEO SPRAY 150 ML|ESTUCHE EDT 50ML + DEO SPRAY 150 ML 2 PZA|https://locahost:8000/images/7501737402707?height=500&width=500|"consumables|health and beauty aids|higiene femenina - proteccion"|HEINZ|[{'branch': 'RHSM', 'stock': 4, 'price': 90.3}]
131406|UN|B||False|295112|3368410000452|ACEITUNAS CUQUILLOS CON TOMILLO|ACEITUNAS CUQUILLOS CON TOMILLO 260 GRS|https://locahost:8000/images/3368410000452?height=500&width=500|"entertainment|cameras|foto accesorios"|INTERAM|[{'branch': 'RHSM', 'stock': 5, 'price': 90.3}]
63725|UN|CD||False|880745|40000686006|SANDALIA CASUAL NINA|SANDALI OUT NA BLACK 1UN|https://locahost:8000/images/40000686006?height=500&width=500|"consumables|health and wellness|foot care"|MACRODELI|[{'branch': 'RHSM', 'stock': 1, 'price': 90.3}]
67954|UN|B||True|106224|19213598568|CONJUNTOS BOY|W20-CONJUNTO BN 3-6M 1UN|https://locahost:8000/images/19213598568?height=500&width=500|"grocery|dsd grocery|beverages - juices"|BAUDUCCO|[{'branch': 'RHSM', 'stock': 5, 'price': 90.3}]
236052|UN|R|Y|False|21229|83800039807|MASCARILLA FACIAL|MASCARILLA FACIAL 15 GRS|https://locahost:8000/images/83800039807?height=500&width=500|"deli meat & cheese|lunch meat|prepared meals"|SM.AUSTRALIA|[{'branch': 'RHSM', 'stock': 5, 'price': 90.3}]
223980|UN|B|N|True|305692|7501737403735|O.A. 2 DESODORANTES AP 150ML+ CILINDRO|O.A. 2 DESODORANTES AP 150ML+ CILINDRO 3 PZA|https://locahost:8000/images/7501737403735?height=500&width=500|"baby world|infant softlines|polerones y sweaters"|TORREON PAREDES|[{'branch': 'RHSM', 'stock': 1, 'price': 90.3}]
157007|UN|B||True|665295|4000417606006|CHOCOLATE GOLD EDITION|CHOCOLATE GOLD EDITION 250 GRS|https://locahost:8000/images/4000417606006?height=500&width=500|"hardlines|seasonal|seasonal - san valentin"|MARBELLA|[{'branch': 'MM', 'stock': 3, 'price': 90.3}]
310063|KG|R|Y|False|631209|7503018987262|BOUQUET GARNI CLAM 50 G|BOUQUET GARNI CLAM 50 G|https://locahost:8000/images/7503018987262?height=500&width=500|"hardlines|hardware|herramientas - poder & acceso"|ETRE BIEN|[{'branch': 'MM', 'stock': 2, 'price': 90.3}]
28795|UN|R|N|False|629698|1463337088|OTROS JUEGOS|FIFA PS3 2017 1UN|https://locahost:8000/images/1463337088?height=500&width=500|"hardlines|hardware|cerraduras & seguridad"|RIOJA|[{'branch': 'RHSM', 'stock': 4, 'price': 90.3}]
58402|UN|CD|N|True|626925|40000680745|BERMUDA JEANS DENIM|BERMUDA POCKETB 1UN|https://locahost:8000/images/40000680745?height=500&width=500|"grocery|92 grocery|dessert-topping filling base"|ELECTRONIC ARTS|[{'branch': 'MM', 'stock': 2, 'price': 90.3}]
269038|KG|A|N|False|745000|7501518461527|SALCHICHA BAFAR PARA ASAR 800 GR|SALCHICHA BAFAR PARA ASAR 800 GR|https://locahost:8000/images/7501518461527?height=500&width=500|"entertainment|electronics|televisores"|PULMAHUE|[{'branch': 'RHSM', 'stock': 5, 'price': 90.3}]
43802|UN|R||True|216145|780433000624|CABERNET SAUVIGNON|VINO CAVANZA CS2GR 1500CC|https://locahost:8000/images/780433000624?height=500&width=500|"entertainment|wireless|activacion cajas"|TANQUERAY|[{'branch': 'MM', 'stock': 4, 'price': 90.3}]
253420|UN|B|N|False|878291|7702031604075|SHAMPOO GOTAS DE BRILLO 200ML|SHAMPOO GOTAS DE BRILLO 200ML 1 PZA|https://locahost:8000/images/7702031604075?height=500&width=500|"home|fabric & crafts|decor hogar - relojes"|DANONE|[{'branch': 'MM', 'stock': 4, 'price': 90.3}]
136738|UN|A||False|392265|7503020995101|PROTEINA VEGANA SABOR CACAO|PROTEINA VEGANA SABOR CACAO 375 GRS|https://locahost:8000/images/7503020995101?height=500&width=500|"hardlines|seasonal|seasonal - san valentin"|HELLOW KITTY|[{'branch': 'RHSM', 'stock': 1, 'price': 90.3}]
22830|UN|R|N|True|233452|780162035019|FRUTALES BOTELLA|BEBIDA NORMAL 2.0LT 2000CC|https://locahost:8000/images/780162035019?height=500&width=500|"entertainment|wireless|telefono movil - otros"|EL GAUCHO|[{'branch': 'MM', 'stock': 1, 'price': 90.3}]
123129|KG|B|Y|True|122637|7501295600294|YOGHURT BATIDO FRESA|YOGHURT BATIDO FRESA 150 GRS|https://locahost:8000/images/7501295600294?height=500&width=500|"grocery|92 grocery|seeds"|JOHN FRIEDA|[{'branch': 'RHSM', 'stock': 4, 'price': 90.3}]
173483|UN|NA|N|False|303819|7501030472599|TEJITAS LIMON 240G MR|TEJITAS LIMON 240G MR 240 GRS|https://locahost:8000/images/7501030472599?height=500&width=500|"entertainment|wireless|activacion cajas"|FAVORITA|[{'branch': 'MM', 'stock': 3, 'price': 90.3}]
300103|UN|B|N|True|694943|7501011383920|SOPA DE TORTILLA CAMPBELLS . LATA 300 GR|SOPA DE TORTILLA CAMPBELLS . LATA 300 GR|https://locahost:8000/images/7501011383920?height=500&width=500|"hardlines|seasonal|seasonal - christmas"|CASIO|[{'branch': 'MM', 'stock': 3, 'price': 90.3}]
155964|KG|B|Y|False|863007|7501011120471|CHOCOLATE 3 PACK MILCH|CHOCOLATE 3 PACK MILCH 132 GRS|https://locahost:8000/images/7501011120471?height=500&width=500|"produce & floral|produce|verduras 3"|HARPIC|[{'branch': 'MM', 'stock': 1, 'price': 90.3}]
13012|KG|R||True|729275|761303382004|RELLENAS TENTACION|PACK 3 TRITON VAI. 378 GR|https://locahost:8000/images/761303382004?height=500&width=500|"grocery|92 grocery|chips-crisps-snacks mixes"|SAN PEDRO|[{'branch': 'RHSM', 'stock': 3, 'price': 90.3}]
221167|UN|B||True|711598|7501046198728|COLONIA PARA CABALLERO 800 110 ML|COLONIA PARA CABALLERO 800 110 ML 1 PZA|https://locahost:8000/images/7501046198728?height=500&width=500|"hardlines|sporting goods|maletas y bolsos"|ATECO|[{'branch': 'MM', 'stock': 4, 'price': 90.3}]
209234|KG|NA|Y|True|514894|309978695455|TINTE CASTANO|TINTE CASTANO 59 ML.|https://locahost:8000/images/309978695455?height=500&width=500|"home|curtains and drapes|cortinas casa"|MIGUEL TORRES|[{'branch': 'MM', 'stock': 1, 'price': 90.3}]
12616|KG|CD||False|532141|200561000000|DURAZNO CONSERVERO|DURAZNO CONSERVERO 1KG|https://locahost:8000/images/200561000000?height=500&width=500|"apparel|shoes|shoes - men"|DIETORELLE|[{'branch': 'RHSM', 'stock': 4, 'price': 90.3}]
80239|UN|R|N|True|719060|839908001273|VINO TINTO|VINO TINTO 750 ML.|https://locahost:8000/images/839908001273?height=500&width=500|"hardlines|hardware|electricos"|MESA BAJA|[{'branch': 'RHSM', 'stock': 4, 'price': 90.3}]
308907|KG|CD|N|False|283036|4891856933897|FRUTERO RSXXI METAL RANURADA 1 PZ|FRUTERO RSXXI METAL RANURADA 1 PZ|https://locahost:8000/images/4891856933897?height=500&width=500|"consumables|health and wellness|planificacion familiar"|HOLIDAY TIME|[{'branch': 'RHSM', 'stock': 3, 'price': 90.3}]
